Distance,Duration,Traffic,Diff Batery,Diff Elevation,Mean Tempeture
0,0,117,0.0,-42.82999999999993,35.25
0,0,189,0.0,1008.4199999999998,26.75
0,0,67,0.0,23.710000000000036,32.75
0,0,580,0.0,182.52999999999997,38.0
0,0,720,0.0,-174.26999999999998,40.0
0,0,342,0.0,-77.52999999999997,36.25
0,0,781,0.0,109.75,34.5
0,0,103,0.0,-68.40000000000009,32.75
0,0,54,0.0,3.509999999999991,33.75
