Distance,Duration,Traffic,Diff Batery,Diff Elevation,Mean Tempeture
4411,554,26,21.0,182.52999999999997,38.0
3863,537,183,-2.0,-174.26999999999998,40.0
3177,658,123,-5.0,109.75,34.5
