Distance,Duration,Traffic,Diff Batery,Diff Elevation,Mean Tempeture
10,3,47,0.0,-0.17000000000007276,38.25
6722,1126,126,-5.0,-33.70999999999981,40.0
