Distance,Duration,Traffic,Diff Batery,Diff Elevation,Mean Tempeture
0,0,317,0.0,32.13000000000011,37.25
0,0,50,0.0,-0.17000000000007276,38.25
0,0,1252,0.0,-33.70999999999981,40.0
