Car Discharge Estimation,Time of Trip,Diff Elevation,Mean Tempeture,Diff Batery
-18.86729857819905,803,51.84999999999991,48.0,-1.9000000000000057
-25.421800947867297,871,372.6400000000001,35.25,-5.6000000000000085
-24.976303317535546,799,-368.56999999999994,34.75,1.3999999999999915
-54.052132701421804,1684,-53.690000000000055,40.25,-2.3999999999999915
-5.033175355450237,851,3.7100000000000364,38.5,-1.0999999999999943
-62.838862559241704,3813,432.17999999999984,27.75,-10.200000000000003
-19.170616113744074,1314,-315.1099999999999,33.0,0.4000000000000057
-0.02843601895734597,246,-2.6099999999999,37.25,-0.09999999999999432
-16.075829383886255,541,50.97000000000003,49.75,-2.0
-19.85308056872038,780,369.1299999999999,40.5,-5.800000000000004
-30.919431279620852,1352,-452.89999999999986,42.5,1.2000000000000028
-0.018957345971563982,39,-0.03999999999996362,42.75,0.0
-0.17061611374407584,142,1.3900000000001,42.75,-0.10000000000000142
-0.0947867298578199,52,0.5,42.0,0.0
